{"n_2":[-0.05509586308259928,-0.5335116400569622,-0.27711341554709823,-0.3273965810851698,0.08085540436826899,0.9632947219168129,-0.18893705945423145,-0.48033940578745327,-0.3353029111882786,0.41252107904235147,-0.3802895793194716,-0.749402777904886,0.056043577752018195,-0.22837945788602698,-0.12284934129495317,0.2662561941404178,-0.2825971399673697,0.2850224527443912,-0.027212686131305563,-0.5156612869758017,0.44584754700133966,-0.4364278805147741,0.05979495350222863,-0.9191270900384936,-0.5378256703124256,0.8683293759246651,0.25265545748692064,0.7994258843823054,-0.2640391585831994,-0.5369072964952655,-0.020602477495925475],"n_1":[-0.5832416062794634,-0.5554958952613513,-0.7643546527092886,-0.4397792854265401,0.07064162722117273,-0.9982017366858054,-0.6007789715865779,-0.255024593110702,-0.7899965198362899,-0.4292894810724539,0.5947975239660961,0.43603953071182344,0.7052928089957777,-0.7258559382374175,-0.6059340038762042,-0.5723640993015646,0.612597877274885,0.6740111301254752,0.1814324225256736,0.12661946879724573,-0.15641858691838273,0.223084012996976,0.49218272477932934,-0.06307870043977992,-0.6161048920069028,0.41440841165562836,-0.9265506060374684,0.6110432147245934,-0.9986840162828856,-0.8599907498828208,0.7109807292759485],"n_0":[0.4480345298031201,0.9720128774536281,0.04230809174912076,-0.7436006425129735,0.04974437359477957,0.8156980408569643,0.44011635679380623,-0.1299162817742916,0.35440503295940196,-0.5556436489404843,-0.19919173804863055,0.8519598166626519,0.7788842585596474,0.09645438473689638,-0.1434861472339899,-0.028094143671222538,-0.20357559079473297,0.18257045480507905,-0.9557335370050952,0.43846349877918844,-0.6165631174563297,0.8672867037650593,0.12401331446646946,-0.2286002881745195,0.271573326733215,0.7139421862810624,-0.6801715276223288,0.009986775331257913,0.8886795459008343,0.2021214121974393,-0.697494517946571]}