{"n_2":[0.4432688790607042,0.2410513111654681,0.48247764310526176,0.2287154029763323,0.23991805085543527,0.5832271726430711,-0.7393843604622639,0.13857907938699965,-0.07698162998354663,-0.22166955445974984,0.6604579982233691,-0.9850507116381346,0.915538920443413,0.13900059366804873,0.4733889379236571,-0.1286995879184143,-0.864522806846632,-0.7337735669323402,0.6634581735139402,0.5895902611105952,0.0676159850869722,0.67584785874934,0.06861336195113776,0.5792182490273994,-0.23772402114702929,0.75001300979501,-0.09079215813232921,0.8259163520302684,0.004534463690221591,-0.10088889335908102,-0.5853634203708034],"n_1":[-0.9389080015029463,-0.3627899199645568,0.6528587576037699,-0.7882771713700625,0.7375947331628356,-0.2750913038123364,-0.4032908978412224,-0.056645492625728044,0.202705661298493,-0.6771805724115254,0.3187195005200836,0.08125114512697862,-0.011149611146517469,-0.315927493239998,-0.8332366389839023,0.7477565580917964,-0.4790433798996021,-0.29930635407135386,-0.1400775433738426,-0.605543928104687,-0.19484550558088665,0.16542892276219656,-0.8731387272269435,0.9442859080589789,-0.9751647933536682,0.14309150342107846,0.2199735845873514,-0.13270868642716205,0.3114631743764089,-0.9408426239416032,0.8978918387289705],"n_0":[-0.4819965052922357,0.0848440911442878,0.08059909834503087,-0.7273488822584226,-0.94336374790091,0.980386829008077,0.25137820132619715,-0.8280363105725137,-0.09060955785662528,-0.1191023300292339,-0.7382445522011649,0.6792728109699369,0.46185720803651686,-0.5162112660853402,0.3863158858695277,-0.7762466992117136,0.45587123821698183,0.4903131181787809,-0.3058986357779787,0.614306736701653,0.6014595412335348,-0.13586415425165166,0.9161073560454611,0.7935029655198267,-0.2944417392490142,-0.16348205041114738,-0.3653877526017424,0.27555202294035674,0.7420993217535277,0.10257732710117518,-0.905550403268222]}