{"n_2":[-0.7944812916327999,-0.5673872577673071,0.42594260061515965,-0.7630528561384013,-0.03821789578238155,-0.7690063533828484,0.14154544263531332,0.9991256839308431,0.45563559238868256,0.6018178981123442,-0.6572102753446223,0.7196804729360111,0.8187438927241399,-0.333514427234159,0.4064613434253088,0.006186540765003246,0.14480503411118217,-0.8388948081348544,-0.5027491707896741,0.16628569821429706,0.2326425674478354,0.25262819427341787,0.4408481235351909,0.8792089091527964,-0.9314955267082767,-0.2601898556435305,-0.8388973180298742,0.10301066815487947,-0.519021493387245,-0.1216328997879419,-0.4038943894248763],"n_1":[-0.42834754319195945,0.16857396707506878,0.22367355527118216,-0.7509388873512177,-0.76099505184324,-0.289628393565315,0.7702126150830406,-0.21978490006002116,0.3100176437903659,0.40042680383399576,0.9681389704353456,0.7905245389453366,0.9719731531976241,0.9738628436123544,-0.5741081907758168,-0.04230634307968839,-0.33115360068919686,0.8402679556968746,0.13427892609898429,-6.226518742449283E-4,0.1841836749922654,-0.1677985649008935,-0.8890544087462253,0.05701487202433353,0.43293038089879143,0.30048101151979134,-0.7843865750549632,0.18343279047609795,0.7984492580137841,-0.8570183536486919,-0.22590878840895456],"n_3":[-0.6913586900006883,-0.18204878613117792,-0.6486654427623386,-0.4196843314030376,0.21987232095841747,-0.2764480088604142,-0.300221363316304,0.5646152232041877,-0.3615172296348306,-0.8659604583046718,0.23564865786410172,0.2434504524258958,-0.3529970657566679,0.46510429801789455,0.07770138648370262,0.16797287229879299,-0.49329615421848616,0.629075545231425,0.8830678251152984,-0.7536325086286235,0.906411399743055,0.9990372228277875,0.09117373304454124,0.6673163181653077,-0.13188634964463852,-0.27212720782866806,0.053366234183289896,0.229813148020936,0.5782220417678616,-0.06622521584372931,-0.7092609542117316],"n_0":[-0.8425183969229537,-0.14793158886018182,-0.9274516263438202,0.5659578222754988,-0.34919782020282786,-0.5629250474892478,-0.4215774003779904,0.3905094437954151,-0.8740855720253584,0.21323516500586176,-0.4739262209777151,0.6541863621674093,0.89159988305507,0.4192170429729929,0.4343420338209263,0.9593981097502986,-0.6328967541257164,-0.28810072296876865,-0.1189526821774265,0.9607850102162359,-0.3681678643501012,-0.30918256910516595,0.5266392965702411,-0.7325567413110361,-0.27044764891998674,-0.04656099478766773,0.7977691805930225,0.036336413923456545,-0.014315568721310346,0.2661436011991798,0.9239589288156014]}